lexicon,idx,oa_id,title,abstract_full,genuine_target,notes
OpenSource,1,W4399837154,WebCanvas: Benchmarking Web Agents in Online Environments,"For web agents to be practically useful, they must adapt to the continuously evolving web environment characterized by frequent updates to user interfaces and content. However, most existing benchmarks only capture the static aspects of the web. To bridge this gap, we introduce WebCanvas, an innovative online evaluation framework for web agents that effectively addresses the dynamic nature of web interactions. WebCanvas contains three main components to facilitate realistic assessments: (1) A novel evaluation metric which reliably capture critical intermediate actions or states necessary for task completions while disregarding noise caused by insignificant events or changed web-elements. (2) A benchmark dataset called Mind2Web-Live, a refined version of original Mind2Web static dataset containing 542 tasks with 2439 intermediate evaluation states; (3) Lightweight and generalizable annotation tools and testing pipelines that enables the community to collect and maintain the high-quality, up-to-date dataset. Building on WebCanvas, we open-source an agent framework with extensible modules for reasoning, providing a foundation for the community to conduct online inference and evaluations. Our best-performing agent achieves a task success rate of 23.1% and a task completion rate of 48.8% on the Mind2Web-Live test set. Additionally, we analyze the performance discrepancies across various websites, domains, and experimental environments. We encourage the community to contribute further insights on online agent evaluation, thereby advancing this field of research.",1,open-sources agent framework (stated)
OpenSource,2,W4391899415,AI Hospital: Benchmarking Large Language Models in a Multi-agent Medical Interaction Simulator,"Artificial intelligence has significantly advanced healthcare, particularly through large language models (LLMs) that excel in medical question answering benchmarks. However, their real-world clinical application remains limited due to the complexities of doctor-patient interactions. To address this, we introduce \textbf{AI Hospital}, a multi-agent framework simulating dynamic medical interactions between \emph{Doctor} as player and NPCs including \emph{Patient}, \emph{Examiner}, \emph{Chief Physician}. This setup allows for realistic assessments of LLMs in clinical scenarios. We develop the Multi-View Medical Evaluation (MVME) benchmark, utilizing high-quality Chinese medical records and NPCs to evaluate LLMs' performance in symptom collection, examination recommendations, and diagnoses. Additionally, a dispute resolution collaborative mechanism is proposed to enhance diagnostic accuracy through iterative discussions. Despite improvements, current LLMs exhibit significant performance gaps in multi-turn interactions compared to one-step approaches. Our findings highlight the need for further research to bridge these gaps and improve LLMs' clinical diagnostic capabilities. Our data, code, and experimental results are all open-sourced at \url{https://github.com/LibertFan/AI_Hospital}.",1,"data, code, results open-sourced at GitHub"
OpenSource,3,W4412889602,EducationQ: Evaluating LLMs’ Teaching Capabilities Through Multi-Agent Dialogue Framework,"Large language models (LLMs) increasingly serve as educational tools, yet evaluating their teaching capabilities remains challenging due to the resource-intensive, context-dependent, and methodologically complex nature of teacher-student interactions. We introduce EducationQ, a multi-agent dialogue framework that efficiently assesses teaching capabilities through simulated dynamic educational scenarios, featuring specialized agents for teaching, learning, and evaluation. Testing 14 LLMs across major AI Organizations (OpenAI, Meta, Google, Anthropic, and others) on 1,498 questions spanning 13 disciplines and 10 difficulty levels reveals that teaching effectiveness does not correlate linearly with model scale or general reasoning capabilities - with some smaller open-source models outperforming larger commercial counterparts in teaching contexts. This finding highlights a critical gap in current evaluations that prioritize knowledge recall over interactive pedagogy. Our mixed-methods evaluation, combining quantitative metrics with qualitative analysis and expert case studies, identifies distinct pedagogical strengths employed by top-performing models (e.g., sophisticated questioning strategies, adaptive feedback mechanisms). Human expert evaluations show 78% agreement with our automated qualitative analysis of effective teaching behaviors, validating our methodology. EducationQ demonstrates that LLMs-as-teachers require specialized optimization beyond simple scaling, suggesting next-generation educational AI prioritize targeted enhancement of specific pedagogical effectiveness.",0,'open-source' refers to models evaluated; no release statement
OpenSource,4,W4412781285,Rubric Is All You Need: Improving LLM-Based Code Evaluation With Question-Specific Rubrics,,0,no abstract; no release statement
OpenSource,5,W4389469779,BEDD: The MineRL BASALT Evaluation and Demonstrations Dataset for Training and Benchmarking Agents that Solve Fuzzy Tasks,"The MineRL BASALT competition has served to catalyze advances in learning from human feedback through four hard-to-specify tasks in Minecraft, such as create and photograph a waterfall. Given the completion of two years of BASALT competitions, we offer to the community a formalized benchmark through the BASALT Evaluation and Demonstrations Dataset (BEDD), which serves as a resource for algorithm development and performance assessment. BEDD consists of a collection of 26 million image-action pairs from nearly 14,000 videos of human players completing the BASALT tasks in Minecraft. It also includes over 3,000 dense pairwise human evaluations of human and algorithmic agents. These comparisons serve as a fixed, preliminary leaderboard for evaluating newly-developed algorithms. To enable this comparison, we present a streamlined codebase for benchmarking new algorithms against the leaderboard. In addition to presenting these datasets, we conduct a detailed analysis of the data from both datasets to guide algorithm development and evaluation. The released code and data are available at https://github.com/minerllabs/basalt-benchmark .",1,released code and data available at GitHub
OpenSource,6,W4387389108,SmartPlay: A Benchmark for LLMs as Intelligent Agents,"Recent large language models (LLMs) have demonstrated great potential toward intelligent agents and next-gen automation, but there currently lacks a systematic benchmark for evaluating LLMs' abilities as agents. We introduce SmartPlay: both a challenging benchmark and a methodology for evaluating LLMs as agents. SmartPlay consists of 6 different games, including Rock-Paper-Scissors, Tower of Hanoi, Minecraft. Each game features a unique setting, providing up to 20 evaluation settings and infinite environment variations. Each game in SmartPlay uniquely challenges a subset of 9 important capabilities of an intelligent LLM agent, including reasoning with object dependencies, planning ahead, spatial reasoning, learning from history, and understanding randomness. The distinction between the set of capabilities each game test allows us to analyze each capability separately. SmartPlay serves not only as a rigorous testing ground for evaluating the overall performance of LLM agents but also as a road-map for identifying gaps in current methodologies. We release our benchmark at github.com/Microsoft/SmartPlay",1,'We release our benchmark at github.com/Microsoft/SmartPlay'
OpenSource,7,W4391136507,A Survey on Evaluation of Large Language Models,,0,no abstract; no release statement
OpenSource,8,W4392427906,"Imitation Learning Datasets: A Toolkit For Creating Datasets, Training Agents and Benchmarking","Imitation learning field requires expert data to train agents in a task. Most often, this learning approach suffers from the absence of available data, which results in techniques being tested on its dataset. Creating datasets is a cumbersome process requiring researchers to train expert agents from scratch, record their interactions and test each benchmark method with newly created data. Moreover, creating new datasets for each new technique results in a lack of consistency in the evaluation process since each dataset can drastically vary in state and action distribution. In response, this work aims to address these issues by creating Imitation Learning Datasets, a toolkit that allows for: (i) curated expert policies with multithreaded support for faster dataset creation; (ii) readily available datasets and techniques with precise measurements; and (iii) sharing implementations of common imitation learning techniques. Demonstration link: https://nathangavenski.github.io/#/il-datasets-video",1,toolkit with readily available datasets/shared implementations; demo URL
OpenSource,9,W4417132388,"Enhancing LLM Code Generation: A Systematic Evaluation of Multi-Agent Collaboration and Runtime Debugging for Accuracy, Reliability, and Latency","Large language models (LLMs) have shown promising code generation capabilities; however, they still face challenges in generating successful code for non-trivial programming tasks. To enhance the LLM’s code generation abilities, we investigate, in this paper, the combination of two complementary inference-time strategies: multi-agent collaboration and runtime execution-based debugging. We conduct an extensive empirical study to evaluate our proposed framework using 19 diverse LLMs on two established coding benchmarks, measuring functional accuracy as a code quality characteristic. Our study reveals that that our combination outperforms the basic performance of LLMs and the individual approaches. In particlular, on HumanEval benchmark, across 19 LLMs, our approach achieves 64.82% accuracy compared to 56.48% achieved by the basic one-shot prompting approach. It also outperforms the individual multi-agent collaboration approach by more than 7.66%. Moreover, our extensive empirical study revealed that optimal combinatory improvement is achieved when both individual strategies perform at similar levels. The proposed framework can be readily deployed in existing development pipelines to enhance the reliability of code generation while maintaining reasonable generation speeds, offering a practical solution to improve automated code generation in enterprise environments. Our code is available at: https://github.com/nazmus-ashrafi/multiagent_vs_debugger",1,'Our code is available at' GitHub
OpenSource,10,W4392971563,How Far Are We on the Decision-Making of LLMs? Evaluating LLMs' Gaming Ability in Multi-Agent Environments,"Decision-making is a complex process requiring diverse abilities, making it an excellent framework for evaluating Large Language Models (LLMs). Researchers have examined LLMs' decision-making through the lens of Game Theory. However, existing evaluation mainly focus on two-player scenarios where an LLM competes against another. Additionally, previous benchmarks suffer from test set leakage due to their static design. We introduce GAMA($γ$)-Bench, a new framework for evaluating LLMs' Gaming Ability in Multi-Agent environments. It includes eight classical game theory scenarios and a dynamic scoring scheme specially designed to quantitatively assess LLMs' performance. $γ$-Bench allows flexible game settings and adapts the scoring system to different game parameters, enabling comprehensive evaluation of robustness, generalizability, and strategies for improvement. Our results indicate that GPT-3.5 demonstrates strong robustness but limited generalizability, which can be enhanced using methods like Chain-of-Thought. We also evaluate 13 LLMs from 6 model families, including GPT-3.5, GPT-4, Gemini, LLaMA-3.1, Mixtral, and Qwen-2. Gemini-1.5-Pro outperforms others, scoring of $69.8$ out of $100$, followed by LLaMA-3.1-70B ($65.9$) and Mixtral-8x22B ($62.4$). Our code and experimental results are publicly available at https://github.com/CUHK-ARISE/GAMABench.",1,code and experimental results publicly available at GitHub
OpenSource,11,W4406733842,IntellAgent: A Multi-Agent Framework for Evaluating Conversational AI Systems,,0,no abstract; no release statement
OpenSource,12,W4416237171,FHIR-AgentBench: Benchmarking LLM Agents for Realistic Interoperable EHR Question Answering,"The recent shift toward the Health Level Seven Fast Healthcare Interoperability Resources (HL7 FHIR) standard opens a new frontier for clinical AI, demanding LLM agents to navigate complex, resource-based data models instead of conventional structured health data. However, existing benchmarks have lagged behind this transition, lacking the realism needed to evaluate recent LLMs on interoperable clinical data. To bridge this gap, we introduce FHIR-AgentBench, a benchmark that grounds 2,931 real-world clinical questions in the HL7 FHIR standard. Using this benchmark, we systematically evaluate agentic frameworks, comparing different data retrieval strategies (direct FHIR API calls vs. specialized tools), interaction patterns (single-turn vs. multi-turn), and reasoning strategies (natural language vs. code generation). Our experiments highlight the practical challenges of retrieving data from intricate FHIR resources and the difficulty of reasoning over them, both of which critically affect question answering performance. We publicly release the FHIR-AgentBench dataset and evaluation suite (https://github.com/glee4810/FHIR-AgentBench) to promote reproducible research and the development of robust, reliable LLM agents for clinical applications.",1,publicly release dataset and evaluation suite (GitHub)
OpenSource,13,W4388685755,GPT-4V in Wonderland: Large Multimodal Models for Zero-Shot Smartphone GUI Navigation,,0,no abstract; no release statement
OpenSource,14,W4405035082,HackSynth: LLM Agent and Evaluation Framework for Autonomous Penetration Testing,"We introduce HackSynth, a novel Large Language Model (LLM)-based agent capable of autonomous penetration testing. HackSynth's dual-module architecture includes a Planner and a Summarizer, which enable it to generate commands and process feedback iteratively. To benchmark HackSynth, we propose two new Capture The Flag (CTF)-based benchmark sets utilizing the popular platforms PicoCTF and OverTheWire. These benchmarks include two hundred challenges across diverse domains and difficulties, providing a standardized framework for evaluating LLM-based penetration testing agents. Based on these benchmarks, extensive experiments are presented, analyzing the core parameters of HackSynth, including creativity (temperature and top-p) and token utilization. Multiple open source and proprietary LLMs were used to measure the agent's capabilities. The experiments show that the agent performed best with the GPT-4o model, better than what the GPT-4o's system card suggests. We also discuss the safety and predictability of HackSynth's actions. Our findings indicate the potential of LLM-based agents in advancing autonomous penetration testing and the importance of robust safeguards. HackSynth and the benchmarks are publicly available to foster research on autonomous cybersecurity solutions.",1,HackSynth and benchmarks publicly available (stated)
OpenSource,15,W4404792846,FlowBench: Revisiting and Benchmarking Workflow-Guided Planning for LLM-based Agents,"LLM-based agents have emerged as promising tools, which are crafted to fulfill complex tasks by iterative planning and action.However, these agents are susceptible to undesired planning hallucinations when lacking specific knowledge for expertise-intensive tasks.To address this, preliminary attempts are made to enhance planning reliability by incorporating external workflow-related knowledge.Despite the promise, such infused knowledge is mostly disorganized and diverse in formats, lacking rigorous formalization and comprehensive comparisons.Motivated by this, we formalize different formats of workflow knowledge and present FlowBench, the first benchmark for workflow-guided planning.FlowBench covers 51 different scenarios from 6 domains, with knowledge presented in diverse formats.To assess different LLMs on FlowBench, we design a multi-tiered evaluation framework.We evaluate the efficacy of workflow knowledge across multiple formats, and the results indicate that current LLM agents need considerable improvements for satisfactory planning.We hope that our challenging benchmark can pave the way for future agent planning research.Our benchmark is available at Github 1 .",1,'Our benchmark is available at Github'
OpenSource,16,W4408165425,Design and evaluation of an Autonomous Cyber Defence agent using DRL and an augmented LLM,"In this paper, we design and evaluate an Autonomous Cyber Defence (ACD) agent to monitor and act within critical network segments connected to untrusted infrastructure hosting active adversaries. We assume that modern network segments use software-defined controllers with the means to host ACD agents and other cybersecurity tools that implement hybrid AI models. Our agent uses a hybrid AI architecture that integrates deep reinforcement learning (DRL), augmented Large Language Models (LLMs), and rule-based systems. This architecture can be implemented in software-defined network controllers, enabling automated defensive actions such as monitoring, analysis, decoy deployment, service removal, and recovery. A core contribution of our work is the construction of three cybersecurity knowledge graphs that organise and map data from network logs, open source Cyber Threat Intelligence (CTI) reports, and vulnerability frameworks. These graphs enable automatic mapping of Common Vulnerabilities and Exposures (CVEs) to offensive tactics and techniques defined in the MITRE ATT&CK framework using Bidirectional Encoder Representations from Transformers (BERT) and Generative Pre-trained Transformer (GPT) models. Our experimental evaluation of the knowledge graphs shows that BERT-based models perform better, with precision (83.02%), recall (75.92%), and macro F1 scores (58.70%) significantly outperforming GPT models. The ACD agent was evaluated in a Cyber Operations Research (ACO) gym against eleven DRL models, including Proximal Policy Optimisation (PPO), Hierarchical PPO, and ensembles under two different attacker strategies. The results show that our ACD agent outperformed baseline implementations, with its DRL models effectively mitigating attacks and recovering compromised systems. In addition, we implemented and evaluated a chatbot using Retrieval-Augmented Generation (RAG) and a prompting agent augmented with the CTI reports represented in the cybersecurity knowledge graphs. The chatbot achieved high scores on generation metrics such as relevance (0.85), faithfulness (0.83), and semantic similarity (0.88), as well as retrieval metrics such as contextual precision (0.91). The experimental results suggest that the integration of hybrid AI systems with knowledge graphs can enable the automation and improve the precision of cyber defence operations, and also provide a robust interface for cybersecurity experts to interpret and respond to advanced cybersecurity threats. • The motivation for the present investigation comes from the increasing complexity and sophistication of cyber threats targeting critical network segments connected to untrusted infrastructure, such as commercial Internet using wired or wireless links. As a result, the scientific community has been introducing autonomous cyber defence (ACD) agents to enforce counter measures to these cyber threats. • Design of a hybrid Artificial Intelligence (AI) architecture integrating an Autonomous Cyber Defense (ACD) agent using Deep Reinforcement Learning (DRL) with a chatbot using a Retrieval Augmented Generation (RAG) architecture and cybersecurity knowledge graphs. Our Autonomous Cyber Defense (ACD) agent has an action space composed of 14 actions to monitor, analyse, deploy a decoy replacing a real service, remove malicious processes, and restore the entire systems from a backup. • Design and implementation of three knowledge graphs that combine information about the network infrastructure and open source Cyber Threat Intelligence (CTI) reports. This includes an architecture for automatically mapping Common Vulnerabilities and Exposures (CVE) to the set of offensive tactics and techniques defined in the MITRE ATT&CK framework, using generative models based on Bidirectional Encoder Representations from Transformers (BERT) and Generative Pre-trained Transformer (GPT). Our solution was evaluated in a comparative performance analysis using three Bidirectional Encoder Representations from Transformers (BERT)-based models (CyBERT, SecBERT and SecRoBERTa) and two versions of Generative Pre-trained Transformer (GPT) (GPT-4 and GPT-4o). • Comparative evaluation of an ACD agent acting on the cybersecurity knowledge graph against 11 Deep Reinforcement Learning (DRL) algorithms, Proximal Policy Optimization (PPO) (baseline for the comparison), hierarchical Proximal Policy Optimization (PPO) and ensemble DRL, in a gym environment hosting red agents using two attack strategies. Experimental results indicate that our solution using PPO and cybersecurity knowledge graphs outperforms the other DRL algorithms. • Implementation and performance evaluation of a chatbot (ReAct+Retrieval Augmented Generation (RAG)) using a pre-trained Large Language Model (LLM) to interface with human cybersecurity experts. Our solution using ReAct and RAG was evaluated using both generation (relevancy, faithfulness and semantic similarity) and retrieval (context precision, context recall, and F1 score) metrics in a comparative analysis against a zero-shot implementation (pre-trained Large Language Model (LLM) without augmentation).",0,'open source' refers to CTI reports used as data; no release
OpenSource,17,W4413147008,Sketchtopia: A Dataset and Foundational Agents for Benchmarking Asynchronous Multimodal Communication with Iconic Feedback,"We introduce Sketchtopia, a large-scale dataset and AI framework designed to explore goal-driven, multimodal communication through asynchronous interactions in a Pictionary-inspired setup. Sketchtopia captures natural human interactions, including freehand sketches, open-ended guesses, and iconic feedback gestures, showcasing the complex dynamics of cooperative communication under constraints. It features over 20K gameplay sessions from 916 players, capturing 263K sketches, 10K erases, 56K guesses and 19.4K iconic feedbacks. We introduce multimodal foundational agents with capabilities for generative sketching, guess generation and asynchronous communication. Our dataset also includes 800 human-agent sessions for benchmarking the agents. We introduce novel metrics to char-acterize collaborative success, responsiveness to feedback and inter-agent asynchronous communication. Sketchtopia pushes the boundaries of multimodal AI, establishing a new benchmark for studying asynchronous, goal-oriented interactions between humans and AI agents. The dataset can be found at https://sketchtopia25.github.io/",1,dataset available at project URL
OpenSource,18,W4400343274,BioKGBench: A Knowledge Graph Checking Benchmark of AI Agent for Biomedical Science,"Pursuing artificial intelligence for biomedical science, a.k.a. AI Scientist, draws increasing attention, where one common approach is to build a copilot agent driven by Large Language Models (LLMs). However, to evaluate such systems, people either rely on direct Question-Answering (QA) to the LLM itself, or in a biomedical experimental manner. How to precisely benchmark biomedical agents from an AI Scientist perspective remains largely unexplored. To this end, we draw inspiration from one most important abilities of scientists, understanding the literature, and introduce BioKGBench. In contrast to traditional evaluation benchmark that only focuses on factual QA, where the LLMs are known to have hallucination issues, we first disentangle ""Understanding Literature"" into two atomic abilities, i) ""Understanding"" the unstructured text from research papers by performing scientific claim verification, and ii) Ability to interact with structured Knowledge-Graph Question-Answering (KGQA) as a form of ""Literature"" grounding. We then formulate a novel agent task, dubbed KGCheck, using KGQA and domain-based Retrieval-Augmented Generation (RAG) to identify the factual errors of existing large-scale knowledge graph databases. We collect over two thousand data for two atomic tasks and 225 high-quality annotated data for the agent task. Surprisingly, we discover that state-of-the-art agents, both daily scenarios and biomedical ones, have either failed or inferior performance on our benchmark. We then introduce a simple yet effective baseline, dubbed BKGAgent. On the widely used popular knowledge graph, we discover over 90 factual errors which provide scenarios for agents to make discoveries and demonstrate the effectiveness of our approach. The code and data are available at https://github.com/westlake-autolab/BioKGBench.",1,code and data available at GitHub
OpenSource,19,W4414757718,FutureX: An Advanced Live Benchmark for LLM Agents in Future Prediction,"Future prediction is a complex task for LLM agents, requiring a high level of analytical thinking, information gathering, contextual understanding, and decision-making under uncertainty. Agents must not only gather and interpret vast amounts of dynamic information but also integrate diverse data sources, weigh uncertainties, and adapt predictions based on emerging trends, just as human experts do in fields like politics, economics, and finance. Despite its importance, no large-scale benchmark exists for evaluating agents on future prediction, largely due to challenges in handling real-time updates and retrieving timely, accurate answers. To address this, we introduce $\textbf{FutureX}$, a dynamic and live evaluation benchmark specifically designed for LLM agents performing future prediction tasks. FutureX is the largest and most diverse live benchmark for future prediction, supporting real-time daily updates and eliminating data contamination through an automated pipeline for question gathering and answer collection. We evaluate 25 LLM/agent models, including those with reasoning, search capabilities, and integration of external tools such as the open-source Deep Research Agent and closed-source Deep Research models. This comprehensive evaluation assesses agents' adaptive reasoning and performance in dynamic environments. Additionally, we provide in-depth analyses of agents' failure modes and performance pitfalls in future-oriented tasks, including the vulnerability to fake web pages and the temporal validity. Our goal is to establish a dynamic, contamination-free evaluation standard that drives the development of LLM agents capable of performing at the level of professional human analysts in complex reasoning and predictive thinking.",0,'open-source' refers to evaluated agent; no release statement
OpenSource,20,W4385474529,Counterfactually Auditable Lifecycle Certification for Autonomous Agents,,0,no abstract; no release statement
OpenSource,21,W7124263640,An Extended Benchmarking of Multi-Agent Reinforcement Learning Algorithms in Complex Fully Cooperative Tasks,"Multi-Agent Reinforcement Learning (MARL) has recently emerged as a significant area of research. However, MARL evaluation often lacks systematic diversity, hindering a comprehensive understanding of algorithms' capabilities. In particular, cooperative MARL algorithms are predominantly evaluated on benchmarks such as SMAC and GRF, which primarily feature team game scenarios without assessing adequately various aspects of agents' capabilities required in fully cooperative real-world tasks such as multi-robot cooperation and warehouse, resource management, search and rescue, and human-AI cooperation. Moreover, MARL algorithms are mainly evaluated on low dimensional state spaces, and thus their performance on high-dimensional (e.g., image) observations is not well-studied. To fill this gap, this paper highlights the crucial need for expanding systematic evaluation across a wider array of existing benchmarks. To this end, we conduct extensive evaluation and comparisons of well-known MARL algorithms on complex fully cooperative benchmarks, including tasks with images as agents' observations. Interestingly, our analysis shows that many algorithms, hailed as state-of-the-art on SMAC and GRF, may underperform standard MARL baselines on fully cooperative benchmarks. Finally, towards more systematic and better evaluation of cooperative MARL algorithms, we have open-sourced PyMARLzoo+, an extension of the widely used (E)PyMARL libraries, which addresses an open challenge from[46], facilitating seamless integration and support with all benchmarks of PettingZoo, as well as Overcooked, PressurePlate, Capture Target and Box Pushing.",1,open-sourced PyMARLzoo+ library (stated)
OpenSource,22,W4413801638,MedAgentBench: A Virtual EHR Environment to Benchmark Medical LLM Agents,"BACKGROUND Recent large language models (LLMs) have demonstrated significant advancements, particularly in their ability to serve as agents, thereby surpassing their traditional role as chatbots.These agents can leverage their planning and tool utilization capabilities to address tasks specified at a high level.This suggests new potential to reduce the burden of administrative tasks and address current health care staff shortages.However, a standardized dataset to benchmark the agent capabilities of LLMs in medical applications is currently lacking, making it difficult to evaluate their performance on complex tasks in interactive health care environments. METHODSTo address this gap in the deployment of agentic artificial intelligence (AI) in health care, we introduce MedAgentBench, a broad evaluation suite designed to assess the agent capabilities of LLMs within medical records contexts.MedAgentBench encompasses 300 patient-specific clinically derived tasks from 10 categories written by human physicians, realistic profiles of 100 patients with over 700,000 data elements, a Fast Healthcare Interoperability Resources-compliant interactive environment, and an accompanying codebase.The environment uses standard application programming interfaces and communication infrastructure used in modern electronic health record (EHR) systems so that it can be easily migrated into live EHR systems. RESULTSMedAgentBench presents an unsaturated agent-oriented benchmark at which current state-of-the-art LLMs exhibit some ability to succeed.The best model (Claude 3.5 Sonnet v2) achieves a success rate of 69.67%.However, there is still substantial room for improvement, which gives the community a clear direction for future optimization efforts.Furthermore, there is significant variation in performance across task categories.CONCLUSIONS Agent-based task frameworks and benchmarks are the necessary next step to advance the potential and capabilities for effectively improving and integrating AI systems into clinical workflows.MedAgentBench establishes this and is publicly available at https://github .com /stanfordmlgroup /MedAgentBench, offering a valuable framework for model developers to track progress and drive continuous improvements in the agent capabilities of LLMs within the medical domain.",1,publicly available at GitHub (stated)
OpenSource,23,W4402442868,AutoCodeRover: Autonomous Program Improvement,,0,no abstract; no release statement
OpenSource,24,W4403888240,AutoPenBench: Benchmarking Generative Agents for Penetration Testing,"Generative AI agents, software systems powered by Large Language Models (LLMs), are emerging as a promising approach to automate cybersecurity tasks. Among the others, penetration testing is a challenging field due to the task complexity and the diverse strategies to simulate cyber-attacks. Despite growing interest and initial studies in automating penetration testing with generative agents, there remains a significant gap in the form of a comprehensive and standard framework for their evaluation and development. This paper introduces AutoPenBench, an open benchmark for evaluating generative agents in automated penetration testing. We present a comprehensive framework that includes 33 tasks, each representing a vulnerable system that the agent has to attack. Tasks are of increasing difficulty levels, including in-vitro and real-world scenarios. We assess the agent performance with generic and specific milestones that allow us to compare results in a standardised manner and understand the limits of the agent under test. We show the benefits of AutoPenBench by testing two agent architectures: a fully autonomous and a semi-autonomous supporting human interaction. We compare their performance and limitations. For example, the fully autonomous agent performs unsatisfactorily achieving a 21% Success Rate (SR) across the benchmark, solving 27% of the simple tasks and only one real-world task. In contrast, the assisted agent demonstrates substantial improvements, with 64% of SR. AutoPenBench allows us also to observe how different LLMs like GPT-4o or OpenAI o1 impact the ability of the agents to complete the tasks. We believe that our benchmark fills the gap with a standard and flexible framework to compare penetration testing agents on a common ground. We hope to extend AutoPenBench along with the research community by making it available under https://github.com/lucagioacchini/auto-pen-bench.",1,open benchmark made available under GitHub URL
OpenSource,25,W4415069437,DeepResearch Bench: A Comprehensive Benchmark for Deep Research Agents,"Deep Research Agents are a prominent category of LLM-based agents. By autonomously orchestrating multistep web exploration, targeted retrieval, and higher-order synthesis, they transform vast amounts of online information into analyst-grade, citation-rich reports--compressing hours of manual desk research into minutes. However, a comprehensive benchmark for systematically evaluating the capabilities of these agents remains absent. To bridge this gap, we present DeepResearch Bench, a benchmark consisting of 100 PhD-level research tasks, each meticulously crafted by domain experts across 22 distinct fields. Evaluating DRAs is inherently complex and labor-intensive. We therefore propose two novel methodologies that achieve strong alignment with human judgment. The first is a reference-based method with adaptive criteria to assess the quality of generated research reports. The other framework is introduced to evaluate DRA's information retrieval and collection capabilities by assessing its effective citation count and overall citation accuracy. We have open-sourced DeepResearch Bench and key components of these frameworks at https://github.com/Ayanami0730/deep_research_bench to accelerate the development of practical LLM-based agents.",1,open-sourced benchmark and framework components at GitHub
OpenSource,26,W4402683822,CToolEval: A Chinese Benchmark for LLM-Powered Agent Evaluation in Real-World API Interactions,"Assessing the capabilities of large language models (LLMs) as agents in decision making and operational tasks is crucial for the development of LLM-as-agent service.We propose CToolEval, a benchmark designed to evaluate LLMs in the context of Chinese societal applications, featuring 398 APIs across 27 widelyused Apps (e.g., Apps for shopping, map, music, travel, etc.) that cover 14 domains.We further present an evaluation framework that simulates real-life scenarios, to facilitate the assessment of tool invocation ability of LLMs for tool learning and task completion ability for user interation.Our extensive experiments with CToolEval evaluate 11 LLMs, revealing that while GPT-3.5-turboexcels in tool invocation, Chinese LLMs usually struggle with issues like hallucination and a lack of comprehensive tool understanding.Our findings highlight the need for further refinement in decision-making capabilities of LLMs, offering insights into bridging the gap between current functionalities and agent-level performance.To promote further research for LLMs to fully act as reliable agents in complex, real-world situations, we release our data and codes at https: //github.com/tjunlp-lab/CToolEval.",1,'we release our data and codes at' GitHub
OpenSource,27,W4406841370,MedAgentBench: A Realistic Virtual EHR Environment to Benchmark Medical LLM Agents,"Recent large language models (LLMs) have demonstrated significant advancements, particularly in their ability to serve as agents thereby surpassing their traditional role as chatbots. These agents can leverage their planning and tool utilization capabilities to address tasks specified at a high level. However, a standardized dataset to benchmark the agent capabilities of LLMs in medical applications is currently lacking, making the evaluation of LLMs on complex tasks in interactive healthcare environments challenging. To address this gap, we introduce MedAgentBench, a broad evaluation suite designed to assess the agent capabilities of large language models within medical records contexts. MedAgentBench encompasses 300 patient-specific clinically-derived tasks from 10 categories written by human physicians, realistic profiles of 100 patients with over 700,000 data elements, a FHIR-compliant interactive environment, and an accompanying codebase. The environment uses the standard APIs and communication infrastructure used in modern EMR systems, so it can be easily migrated into live EMR systems. MedAgentBench presents an unsaturated agent-oriented benchmark that current state-of-the-art LLMs exhibit some ability to succeed at. The best model (Claude 3.5 Sonnet v2) achieves a success rate of 69.67%. However, there is still substantial space for improvement which gives the community a next direction to optimize. Furthermore, there is significant variation in performance across task categories. MedAgentBench establishes this and is publicly available at https://github.com/stanfordmlgroup/MedAgentBench , offering a valuable framework for model developers to track progress and drive continuous improvements in the agent capabilities of large language models within the medical domain.",1,publicly available at GitHub (stated)
OpenSource,28,W4417134740,"MCPWorld: A Unified Benchmarking Testbed for API, GUI, and Hybrid Computer Use Agents","(M)LLM-powered computer use agents (CUA) are emerging as a transformative technique to automate human-computer interaction. However, existing CUA benchmarks predominantly target GUI agents, whose evaluation methods are susceptible to UI changes and ignore function interactions exposed by application APIs, e.g., Model Context Protocol (MCP). To this end, we propose MCPWorld, the first automatic CUA testbed for API, GUI, and API-GUI hybrid agents. A key principle of MCPWorld is the use of ""white-box apps"", i.e., those with source code availability and can be revised/re-compiled as needed (e.g., adding MCP support), with two notable advantages: (1) It greatly broadens the design space of CUA, such as what and how the app features to be exposed/extracted as CUA-callable APIs. (2) It allows MCPWorld to programmatically verify task completion by directly monitoring application behavior through techniques like dynamic code instrumentation, offering robust, accurate CUA evaluation decoupled from specific agent implementations or UI states. Currently, MCPWorld includes 201 well curated and annotated user tasks, covering diversified use cases and difficulty levels. MCPWorld is also fully containerized with GPU acceleration support for flexible adoption on different OS/hardware environments. Our preliminary experiments, using a representative LLM-powered CUA framework, achieve 75.12% task completion accuracy, simultaneously providing initial evidence on the practical effectiveness of agent automation leveraging MCP. Overall, we anticipate MCPWorld to facilitate and standardize the benchmarking of next-generation computer use agents that can leverage rich external tools. Our code and dataset are publicly available at https://github.com/SAAgent/MCPWorld.",1,code and dataset publicly available at GitHub
OpenSource,29,W4399912700,AgentDojo: A Dynamic Environment to Evaluate Prompt Injection Attacks and Defenses for LLM Agents,"AI agents aim to solve complex tasks by combining text-based reasoning with external tool calls. Unfortunately, AI agents are vulnerable to prompt injection attacks where data returned by external tools hijacks the agent to execute malicious tasks. To measure the adversarial robustness of AI agents, we introduce AgentDojo, an evaluation framework for agents that execute tools over untrusted data. To capture the evolving nature of attacks and defenses, AgentDojo is not a static test suite, but rather an extensible environment for designing and evaluating new agent tasks, defenses, and adaptive attacks. We populate the environment with 97 realistic tasks (e.g., managing an email client, navigating an e-banking website, or making travel bookings), 629 security test cases, and various attack and defense paradigms from the literature. We find that AgentDojo poses a challenge for both attacks and defenses: state-of-the-art LLMs fail at many tasks (even in the absence of attacks), and existing prompt injection attacks break some security properties but not all. We hope that AgentDojo can foster research on new design principles for AI agents that solve common tasks in a reliable and robust manner.. We release the code for AgentDojo at https://github.com/ethz-spylab/agentdojo.",1,'We release the code for AgentDojo at' GitHub
OpenSource,30,W4385327683,Autonomous Tester Agent Benchmark,"Openstreetmap docker files required to self-host the WebArena benchmark, as described here:https://webarena.dev/https://arxiv.org/abs/2307.13854https://github.com/web-arena-x/webarena/tree/main/environment_docker Copyright to openstreetmaphttps://www.openstreetmap.org/copyright",1,Docker files and GitHub repository links provided
